,Inside,AUC_ROC,AUC_PR,F1,B_A,Precision,Recall,Specificity,TP,TN,FP,FN,Outside,AUC_ROC_o,AUC_PR_o,F1_o,B_A_o,Precision_o,Recall_o,Specificity_o,TP_o,TN_o,FP_o,FN_o
TOX21_ERa_BLA_Antagonist_ratio,788,0.7270182291666666,0.10393806695735748,0.125,0.5434895833333333,0.16666666666666666,0.1,0.9869791666666666,2,758,10,18,21,0.9,0.16666666666666666,0.5,0.95,0.3333333333333333,1.0,0.9,1,18,2,0
TOX21_ERa_BLA_Antagonist_ratio,788,0.6526367187500001,0.06899156969133567,0.12903225806451613,0.544140625,0.18181818181818182,0.1,0.98828125,2,759,9,18,21,0.95,0.25,0.6666666666666666,0.975,0.5,1.0,0.95,1,19,1,0
